,bend_dir,bend_ang,time
0,-3.1,1.0,0.0
1,-3.1112016848119803,0.9980020114957984,0.0004940032958984375
2,-3.1248138469106967,0.9972861684340175,0.0009751319885253906
3,-3.1382577320856733,0.9953128337155625,0.001299142837524414
4,3.1385999534089795,0.9915523249039713,0.0016629695892333984
5,-3.1394402385982194,0.9872211775851711,0.002260923385620117
6,-3.1283613872639195,0.9854836396493204,0.002769947052001953
7,3.139990346292115,0.9853723260616191,0.003113985061645508
8,3.1356400384629146,0.9823069235527516,0.003431558609008789
9,3.135011008778631,0.9775232270641055,0.0037429332733154297
10,3.138113276771588,0.9743661678509754,0.004051923751831055
11,-3.1308257811400906,0.9727757452337022,0.0043599605560302734
12,3.1399554303020634,0.97222994717885,0.004667997360229492
13,3.134580078108056,0.9684024340184878,0.0049741268157958984
14,3.1348432239956403,0.963550008197763,0.005281925201416016
15,3.1238564640181368,0.960284883711518,0.013791084289550781
16,3.133848539962596,0.9561863179573321,0.030193805694580078
17,3.1397719881691057,0.9516883664916235,0.047044992446899414
18,3.1379007942167183,0.9475165244797163,0.06317400932312012
19,-3.135744856181269,0.9450500192712958,0.0755770206451416
20,3.1358645820814743,0.944082684204195,0.09185290336608887
21,3.137440095225059,0.93999923963076,0.10836195945739746
22,-3.1321814879312746,0.9404451910847444,0.12487077713012695
23,-3.1340090954093083,0.935580063441519,0.14133810997009277
24,3.140164162761836,0.9310464981136124,0.15758800506591797
25,-3.131415045833946,0.928299547202782,0.1694629192352295
26,3.13713555377185,0.9274420523027902,0.18586993217468262
27,3.1412370957969618,0.9227723003440541,0.20229601860046387
28,3.140955654471666,0.9179906601642501,0.2186298370361328
29,3.138538065652644,0.9143028020013594,0.23520207405090332
30,3.1380150970551473,0.9100752365273298,0.2481708526611328
31,3.1353375411278432,0.9071230534070055,0.26438093185424805
32,3.138416155831453,0.9017279886360218,0.28063082695007324
33,3.1324204786190046,0.8983194136596704,0.29674315452575684
34,3.131655227007339,0.8918912987612693,0.31319499015808105
35,-3.141000734816367,0.8917533390626039,0.3256497383117676
36,3.1362023425033585,0.8859832801452008,0.3419759273529053
37,-3.140087884191941,0.8810339458582841,0.35834598541259766
38,3.1404839153639514,0.8761734572202289,0.3746483325958252
39,-3.1414649656504734,0.87163798408291,0.39104294776916504
40,3.1330936297453587,0.8680692937173105,0.40291595458984375
41,-3.1378297862609923,0.8665109297993895,0.41937780380249023
42,3.1377481188869343,0.8632194815511035,0.4358489513397217
43,3.1352450700438483,0.8587423717020708,0.4521329402923584
44,-3.1381572405363465,0.8551421897444726,0.4684309959411621
45,3.1409017795665726,0.8514529370967839,0.48479795455932617
46,3.134282608438468,0.8473240409450112,0.4973909854888916
47,-3.1402331364674976,0.8430089119937588,0.5135643482208252
48,3.1321400766623353,0.8418454926735234,0.5302047729492188
49,-3.139018784250836,0.8401632189803655,0.546640157699585
50,3.140026517425694,0.8350793021933565,0.5628290176391602
51,3.1409030217193936,0.8312416799830074,0.5752270221710205
52,3.138633664285453,0.8266971200805017,0.5918190479278564
53,3.1409853116413236,0.8227446420839687,0.6081991195678711
54,-3.1356891149011887,0.8194051006872377,0.6246597766876221
55,3.1366650811898773,0.817090783741785,0.6404638290405273
56,-3.1352545386901345,0.8157084323658939,0.6527857780456543
57,3.139974300290649,0.81131450524603,0.669222354888916
58,-3.134089186291831,0.8080112062121065,0.6856567859649658
59,-3.13900754751342,0.8044390004903638,0.7019288539886475
60,3.133288535493047,0.8032488538413212,0.7182669639587402
61,3.13270902204674,0.7975108901045739,0.7346303462982178
62,-3.136252516099735,0.7973132647295532,0.7473323345184326
63,-3.132153658893339,0.7936994324269763,0.7637660503387451
64,-3.1345670328586848,0.7897516381077092,0.780128002166748
65,3.134527783320394,0.7868520022689371,0.79628586769104
66,-3.1361557430759195,0.7849662652950888,0.812701940536499
67,-3.1256877243800103,0.781767943051327,0.8252608776092529
68,-3.1371927921085683,0.7796887726069606,0.8417987823486328
69,3.139794572949142,0.7760820566708285,0.8591318130493164
70,3.1381276243199214,0.7715829523775252,0.8739190101623535
71,-3.135305519598596,0.769497658683956,0.8903329372406006
72,3.137650512462038,0.7678598180548006,0.9027929306030273
73,-3.137590724804748,0.7630457130292068,0.919058084487915
74,-3.1319964446709996,0.7601115404900952,0.9353909492492676
75,-3.139671640961074,0.7562353750346574,0.9517099857330322
76,-3.132167271034587,0.751594281188287,0.9681131839752197
77,-3.13502642871723,0.7478145625034349,0.9806489944458008
78,3.1403495187582826,0.7426803776655312,0.9971790313720703
79,-3.1385848269206558,0.7381091115884881,1.013720989227295
80,3.1373311718783423,0.734356040986577,1.0297269821166992
81,3.128983933922553,0.7305452226574103,1.046097755432129
82,-3.136793525515299,0.7304215099234707,1.0625529289245605
83,3.1395333121954834,0.7267231369923356,1.0751068592071533
84,3.140934263076972,0.7211732560989728,1.092040777206421
85,-3.137485726554108,0.71670618321053,1.1074020862579346
86,3.1342482761670176,0.7148263273258563,1.1237339973449707
87,-3.1369261048887784,0.7127236787590799,1.1401147842407227
88,-3.1393332817457997,0.7086552935437858,1.1525218486785889
89,-3.141345420702603,0.704263890474062,1.168834924697876
90,-3.1344122031714674,0.7009614103468469,1.1851999759674072
91,-3.1381887996106004,0.6968375198781284,1.2015810012817383
92,3.140522952398214,0.6924810789818504,1.2183759212493896
93,3.1378405695999967,0.6879254485070208,1.2308058738708496
94,3.133069575793788,0.6843238970248313,1.2467188835144043
95,3.121128906137865,0.6826628718065889,1.2631940841674805
96,3.1333915207331877,0.6818001159794891,1.2796399593353271
97,-3.1406590121519193,0.6779591654774975,1.2959189414978027
98,-3.1382218225337204,0.6737151895779534,1.3088109493255615
99,-3.131397983908761,0.670793185886297,1.3244657516479492
100,-3.137634167000277,0.6666717220321532,1.3408269882202148
101,-3.134743078596739,0.6627358063895289,1.3572368621826172
102,-3.137760937569884,0.6587486871151715,1.373567819595337
103,-3.133617036680074,0.6549747161143877,1.3900318145751953
104,3.137744073800737,0.6519866438498633,1.402312994003296
105,3.125034154570765,0.6491936336849361,1.4186599254608154
106,3.1205580674501388,0.6451182689890044,1.4349727630615234
107,3.133733840108772,0.6430746678944699,1.4513840675354004
108,3.13982789874852,0.6370952790864706,1.467761754989624
109,-3.130564562100845,0.6346707241020443,1.480417013168335
110,-3.1401014106997347,0.6313271789862329,1.4965920448303223
111,-3.13328440371799,0.6268553568386955,1.5131831169128418
112,3.137367104628929,0.624825945061684,1.529345989227295
113,3.1353812937652425,0.6197760250228118,1.5457439422607422
114,-3.136992689918694,0.6163892710801282,1.5582728385925293
115,3.1384634287740014,0.6114773030269927,1.574455976486206
116,3.1368813986820454,0.6075160755293245,1.590667963027954
117,3.1410131201656553,0.6041260876303048,1.6070530414581299
118,3.128124871345644,0.6035192544405128,1.6234080791473389
119,3.136097560974955,0.601034437551208,1.6399359703063965
120,-3.1346141272196837,0.598781069229946,1.6521360874176025
121,-3.128661811438349,0.5961757564948071,1.6684930324554443
122,3.1410549106187715,0.5934273581990492,1.6848719120025635
123,3.1325902461334945,0.5891512336127196,1.701235055923462
124,-3.1400920191108503,0.58540750416257,1.7176799774169922
125,-3.1289604477929522,0.5836665636560587,1.7301149368286133
126,-3.135538182605327,0.5783183867138748,1.746471881866455
127,3.141257927612638,0.5747176185146765,1.7629239559173584
128,-3.1343875531805345,0.5697765878981557,1.7792859077453613
129,-3.137291017000408,0.5655579207521104,1.795473575592041
130,-3.1274121469032385,0.5612161683609801,1.8078398704528809
131,-3.1402493181270126,0.558602865321995,1.8241233825683594
132,-3.134304629333112,0.5549124820717306,1.8405139446258545
133,3.139050112330548,0.5523239202509097,1.8568978309631348
134,-3.131041690894568,0.5498238705655482,1.873392105102539
135,3.137913513627881,0.5474242112442755,1.8855879306793213
136,-3.1382388330907323,0.5437085342102881,1.9019129276275635
137,3.1356006884779877,0.5397584386192085,1.9184298515319824
138,-3.1332311455955284,0.5392864209401779,1.9347038269042969
139,-3.1375119001606686,0.53423075499878,1.951066017150879
140,-3.128669175904028,0.530229080637695,1.967430830001831
141,3.141300501814092,0.5296545761457159,1.980010986328125
142,3.127776626831778,0.5275304725877641,1.9963581562042236
143,3.138506454738048,0.5246969125243346,2.01267409324646
144,-3.1362181346276983,0.5200805625305024,2.029444932937622
145,-3.1311440254106473,0.5150059972461489,2.0453827381134033
146,-3.1312376986517565,0.5075819581802258,2.0575950145721436
147,-3.136515867369548,0.504127429721542,2.0739760398864746
148,3.1407134951639466,0.49976782804180436,2.0906319618225098
149,3.135357432441895,0.49603266356949005,2.1066977977752686
150,-3.1367357148081125,0.49275469881801265,2.1231555938720703
151,-3.1313355507703275,0.48871965691055147,2.1355741024017334
152,3.140810806341523,0.48525831151874316,2.1517629623413086
153,-3.1280001621986147,0.482829418028314,2.1681859493255615
154,-3.1403210801553563,0.4808177973097944,2.1846351623535156
155,3.136385408429424,0.4770580515508194,2.20108699798584
156,3.140122948984776,0.4720726286923017,2.217256784439087
157,-3.1384819075595,0.4673185098112713,2.2297699451446533
158,3.1284439313370966,0.46529817293221337,2.2460899353027344
159,3.138332198698478,0.4620079577411852,2.2625138759613037
160,3.134696979504388,0.45745062067225567,2.2788431644439697
161,3.1290349351061937,0.4538852208627117,2.2952959537506104
162,3.135631827681012,0.4484724673620246,2.3074228763580322
163,-3.133705663197073,0.44545166187031926,2.323841094970703
164,-3.1175808401527685,0.44326284573301417,2.3403189182281494
165,-3.1228739455672128,0.4382269720995307,2.3567769527435303
166,-3.11870167048113,0.43373341285003414,2.372889995574951
167,-3.113976556161868,0.42987235598885126,2.385249137878418
168,-3.125259204192657,0.42699720468521,2.4016411304473877
169,-3.135925159479361,0.42376792075605835,2.4180121421813965
170,-3.123891493779614,0.41940258642145667,2.4346201419830322
171,-3.122875042476332,0.4146611905920265,2.4508121013641357
172,-3.131736592440014,0.41032313806417625,2.4631645679473877
173,3.138574574993662,0.40717744508673914,2.479487895965576
174,3.1326587751459924,0.4031916557439416,2.495978832244873
175,3.1381661256948457,0.3992175783926617,2.5122735500335693
176,3.126176903141122,0.39529268153743935,2.5287671089172363
177,3.13130167289821,0.3907806451404304,2.545205593109131
178,-3.1339649211243885,0.389700056511388,2.557264804840088
179,3.13465474925901,0.38665442258959737,2.5737431049346924
180,3.125892628434184,0.3829121237350012,2.590122938156128
181,3.1349416891112014,0.3780400980389991,2.6063849925994873
182,3.1295872915589684,0.3722720431054903,2.622802972793579
183,-3.1395692211796087,0.3691570681432465,2.635075092315674
184,3.141301765648758,0.36463007091910327,2.651453971862793
185,-3.1367813889703338,0.360224668989516,2.6678500175476074
186,-3.137116164057894,0.35560321109139137,2.684213876724243
187,3.140766727917997,0.3495447496650065,2.700551748275757
188,3.136388237453986,0.34441687886861033,2.7131099700927734
189,3.132741136005595,0.338658498794826,2.7292678356170654
190,-3.132920589662763,0.3375534753940071,2.745943069458008
191,3.138520131962704,0.33252796859593287,2.762178897857666
192,3.1398670275967016,0.3282124994652307,2.7788541316986084
193,3.1252109898834313,0.32398181189938796,2.7907581329345703
194,3.1318077312558215,0.3196829052974882,2.8072431087493896
195,3.1413656269115693,0.3150515238550271,2.823683977127075
196,-3.1341250149556155,0.3110668584943995,2.8398430347442627
197,-3.140442475336718,0.3054318094525956,2.8563880920410156
198,-3.136008910948153,0.30097839255932624,2.8725528717041016
199,-3.126042595810786,0.297372736045773,2.8857080936431885
200,-3.116717446441741,0.29313959288207714,2.902336835861206
201,-3.132570206452591,0.2891089865903636,2.9177589416503906
202,-3.125670153277705,0.28555714477388255,2.9341940879821777
203,-3.127029549887619,0.2816079047692956,2.950423002243042
204,3.14138352647482,0.2767757307346409,2.962796926498413
205,3.1309054941104364,0.27214177474669304,2.9792063236236572
206,3.1391117689635832,0.26854472494914683,2.9956839084625244
207,3.131374323791466,0.2635538796597078,3.0121548175811768
208,3.1107062365834346,0.26079696969465577,3.0286309719085693
209,3.119391985770733,0.2576300641987829,3.0405619144439697
210,3.137058670596922,0.2532565916036478,3.0569210052490234
211,3.1313005609400477,0.24839047364236402,3.073417901992798
212,3.12780714294513,0.24407622667674647,3.0897958278656006
213,-3.1401041198888593,0.2405953200915943,3.106204032897949
214,-3.1289848902403445,0.23513981313063112,3.122443914413452
215,-3.112799563524797,0.23215069907643707,3.1347849369049072
216,-3.1298163136249353,0.2292238516652526,3.151116132736206
217,-3.121302973126815,0.22497454122150817,3.167546033859253
218,-3.0994379901183673,0.2216918418768843,3.1840198040008545
219,-3.1173145487350915,0.2170315502068425,3.2002599239349365
220,-3.127640941796548,0.21121531067826826,3.212655782699585
221,-3.1083522219923765,0.20745107899148568,3.2289881706237793
222,-3.124399320298404,0.2023781284311141,3.2455859184265137
223,-3.1381609590587747,0.19742792493301933,3.2620420455932617
224,3.127404338090517,0.19348079145950944,3.2784619331359863
225,3.139611950708962,0.1892769721166554,3.2904491424560547
226,-3.118051328085296,0.18608346980096652,3.3067779541015625
227,-3.129353467341904,0.18073092794805998,3.3233120441436768
228,3.129063707361611,0.17784515267980022,3.3397109508514404
229,-3.141413987984653,0.17305513574051357,3.3560538291931152
230,-3.1367070119402634,0.16794083001651466,3.368201971054077
231,3.1351794742727828,0.16304569970163957,3.3845770359039307
232,3.120192056270653,0.15929190232577328,3.400979995727539
233,-3.1317748423875926,0.1572295436580408,3.4173407554626465
234,-3.1272221748818327,0.15163971883741725,3.433713912963867
235,-3.0919234831762266,0.14898516903392747,3.450100898742676
236,-3.0709630500122143,0.14502293349147158,3.462563991546631
237,-3.1011254625549696,0.14170655177039987,3.478965997695923
238,-3.108843379597546,0.13829093777706783,3.495255947113037
239,-3.125408598453728,0.13446274665951913,3.511795997619629
240,-3.1244762330202693,0.1297241098410249,3.528104782104492
241,-3.1022920949254433,0.1255869577315043,3.5403521060943604
242,-3.13358908051746,0.12262373767890637,3.556647777557373
243,3.1273616327497,0.11678878936772691,3.573117971420288
244,-3.103612475099389,0.11483275428418616,3.589453935623169
245,-3.1240648279898613,0.10975092329658848,3.6058521270751953
246,-3.140493092201482,0.10512437239841768,3.6180288791656494
247,-3.1228900731374796,0.10049268587295199,3.6344521045684814
248,-3.094513187530565,0.09589250872584913,3.6509671211242676
249,-3.1149767169850255,0.09133288560123301,3.667212963104248
250,3.123204856347102,0.08818553972139614,3.6836581230163574
251,-3.077858202760826,0.08835751026478379,3.7003509998321533
252,-3.1137864885629583,0.08351383137099125,3.7123501300811768
253,3.1392917281300132,0.07908527554797062,3.7288923263549805
254,3.1337824813711985,0.07343957618707478,3.7452950477600098
255,3.0890070914782957,0.07004223206200705,3.7617299556732178
256,3.0833523059501746,0.06511477101853956,3.778705358505249
257,3.134748685734377,0.05991785433615185,3.7902350425720215
258,-3.086291514155386,0.05593334280511295,3.8067331314086914
259,3.1333543301334137,0.05110912205724438,3.8228001594543457
260,-3.093723850153282,0.04665360292674274,3.839193105697632
261,-3.0332812090432255,0.04248097754413575,3.855590343475342
262,-3.1294044007333057,0.039550970658399534,3.8679139614105225
263,-3.0257858017537638,0.03536729525650149,3.884305953979492
264,3.138515279865931,0.032206728066203894,3.9007160663604736
265,-3.05438911684553,0.02756536854235008,3.9170889854431152
266,3.1214373589447324,0.02332311938109071,3.9337010383605957
267,2.925252469751128,0.018273140596408773,3.9461910724639893
268,2.752257150629094,0.01375216107966423,3.962486982345581
269,2.9610041277574632,0.007982332423867505,3.9788520336151123
270,2.2291229686602523,0.00246046995892224,3.995112895965576
271,-1.439757002588183,0.0035376583239190686,4.011438846588135
272,0.01312758200913892,0.004494025802828163,4.027943134307861
273,-0.10322316777520482,0.010129925571749146,4.0400495529174805
274,-0.4977188914094295,0.00988882298399059,4.056416988372803
275,-0.43508881767497015,0.014830663443719654,4.0727081298828125
276,-0.20617013857732072,0.012545529322246118,4.08909797668457
277,-0.28244718097768073,0.007520215687625069,4.105446100234985
278,0.07078928931072764,0.007617984487069822,4.117749929428101
279,-0.3255975732412011,0.011108517669152157,4.13410210609436
280,-0.41368267446438683,0.011677566084560395,4.150530815124512
281,-0.0894651199438654,0.009238400192515673,4.167092800140381
282,0.37512403629701535,0.00813226110019337,4.183885097503662
283,0.2847071783220808,0.012878035477229054,4.19585108757019
284,0.3045529210905237,0.007964150589922208,4.21235990524292
285,0.07022427969400495,0.007660360739878751,4.228465557098389
286,-0.07138077909920551,0.012410631332356306,4.245105743408203
287,-0.09042033652575114,0.01661163878761669,4.261329889297485
288,0.17935487848814718,0.013187867123697468,4.273456335067749
289,0.04016086639593561,0.010778309048805154,4.289921045303345
290,-0.26710073909928317,0.012505747548913895,4.306317090988159
291,-0.04035212210615624,0.015483490776423834,4.322638034820557
292,0.048812586206336724,0.012308356747936289,4.3388991355896
293,-0.36037144515602393,0.011161499741020103,4.35532283782959
294,0.18507356420816642,0.009128970966065696,4.367624998092651
295,0.011831276664191606,0.003919748466232893,4.383996963500977
296,0.47197127314329024,0.008656982116359471,4.400463819503784
297,0.04826777896917955,0.009226834904216606,4.416807174682617
298,-0.5733010112772853,0.00462447081263262,4.433391094207764
299,-0.7982815030731047,0.006589821748415749,4.445775985717773
300,-0.09185186407033805,0.0073069456452786955,4.462112903594971
301,0.1949232855119344,0.011867682993278084,4.478974103927612
302,0.36849087104770084,0.00834605066382117,4.494813919067383
303,0.11753410966543577,0.012904368153981667,4.511094093322754
304,0.04689996166148888,0.010625621586144204,4.52331280708313
305,0.3523100537534307,0.006005294449909188,4.5397138595581055
306,0.5371394672606468,0.010566290323197933,4.5559608936309814
307,9.767264666808945e-05,0.009342437359257364,4.572364807128906
308,-0.36397491796130677,0.012314384552325195,4.588802099227905
309,0.006071078978250063,0.01191321325497865,4.605108976364136
310,0.39485128242498857,0.01113455553886461,4.617555856704712
311,0.47721618992977183,0.0065095601613363255,4.6339075565338135
312,0.018873928829544858,0.009780643671265757,4.6502509117126465
313,-0.6160378717785445,0.008249759397979216,4.6667540073394775
314,-0.007398766823559831,0.0064922394019338945,4.683075904846191
315,-0.00852464269202315,0.011093763098881073,4.6955835819244385
316,0.054159764654722095,0.007621430292585576,4.711717128753662
317,0.4762767165844744,0.011387814018609761,4.728186130523682
318,0.0713494827596554,0.010660498945075137,4.744594097137451
319,-0.10809024191721481,0.01570414265761549,4.760964870452881
320,-0.37372218041537186,0.013259548376640496,4.77305793762207
321,-0.7191121281677019,0.016672112048940264,4.789546012878418
322,-0.7538121608454997,0.012154072123630564,4.80586314201355
323,-0.3396274342580087,0.008912479446237208,4.822177886962891
324,-0.3954596751379421,0.014628025948227827,4.8385467529296875
325,-0.5466826818029944,0.01895111813321471,4.850934982299805
326,-0.35640541324072855,0.0160173555405305,4.867787837982178
327,-0.2862932095141397,0.010663709456412162,4.883964776992798
328,-0.5569893803496818,0.00900381097679353,4.900370836257935
329,-0.15894053203789527,0.012033128110099845,4.916689872741699
330,0.05289871479594627,0.008676797792787792,4.9328978061676025
331,0.08568477608093394,0.01514360373829023,4.945404767990112
332,0.15005647342859466,0.01857158280121861,4.9617698192596436
333,0.42418300460673497,0.017622109297972005,4.977982997894287
334,0.28603541301957264,0.01310860943530905,4.99557900428772
335,-0.060009894286090285,0.011630604602554275,5.010763883590698
336,-0.5449935583604518,0.009737373203332381,5.022929906845093
337,-0.21552678011629203,0.012661379244792517,5.039271116256714
338,-0.36883362091671557,0.016539894229390704,5.055685997009277
339,-0.1962578213991222,0.011867727478139063,5.072026014328003
340,-0.017252627177216196,0.007760762988952467,5.088495969772339
341,-0.4769938559253984,0.012060418114078939,5.1011903285980225
342,-0.4523599763450234,0.01600036028527579,5.117588996887207
343,-0.012987427832525607,0.012729865748122359,5.133747577667236
344,0.34397396296567956,0.013949541581178811,5.150113821029663
345,0.2933990046810464,0.01116405698336466,5.166506767272949
346,0.04486433438700708,0.012048382311806674,5.178837060928345
347,-0.26966994814809514,0.01469569197089996,5.195081949234009
348,-0.03574852559742783,0.012548909932453778,5.211620092391968
349,0.17185187999204996,0.016604667029476168,5.227988004684448
350,0.4092884450556075,0.01888982252276637,5.24437689781189
351,0.31694943182993296,0.014402266201840463,5.26082181930542
352,-0.03626499532884534,0.016163242761397384,5.272799968719482
353,-0.35749242582557555,0.01353613008849653,5.289171934127808
354,-0.16689100325006007,0.012545659808128799,5.305516958236694
355,0.2898019906025762,0.008153744102393863,5.321899175643921
356,0.047682598248808314,0.0035352694008492364,5.338260889053345
357,-0.0493773161918062,0.008972374965880573,5.350754976272583
358,0.23061339825253674,0.012520893983589831,5.367233037948608
359,-0.20453374166706062,0.010089254531738675,5.383583068847656
360,0.23841283806183225,0.01325514443636246,5.399718999862671
361,-0.0861529849823831,0.010762746125132892,5.416345119476318
362,0.10843777979345023,0.015335230012361851,5.428455591201782
363,-0.1050959659972808,0.011965742941239248,5.445191144943237
364,0.31963906602483366,0.013596269590976899,5.4614949226379395
365,0.004442823793345502,0.014816794283758074,5.477797985076904
366,0.35553475789499545,0.013533709056564942,5.494133949279785
367,0.027607048810201564,0.010156898638761099,5.510468006134033
368,0.33465275145428275,0.013410362560145083,5.522571802139282
369,0.1495668249748893,0.00921503276710514,5.539001941680908
370,0.4435874622437592,0.012742202830691551,5.555506944656372
371,0.44007433295387255,0.013525989605911663,5.5717549324035645
372,0.09117381484624368,0.010568557340527274,5.588073968887329
373,0.471875783362367,0.012534360132131963,5.600625038146973
374,0.7895170620931502,0.00858160666511916,5.6171040534973145
375,0.5396252993375896,0.011539655928523906,5.633480787277222
376,0.21370880330929728,0.012878049084054979,5.649735927581787
377,0.3247220365809504,0.009775292159732957,5.665894031524658
378,-0.08017598544796695,0.010142127002312767,5.678461790084839
379,-0.17027646143712125,0.012379019540386359,5.69596791267395
380,0.05350139146662223,0.009323656965159615,5.711282968521118
381,-0.1416301138278556,0.013031291860143908,5.72764778137207
382,-0.17246040007790708,0.0124978825097306,5.743987798690796
383,-0.09157253239398992,0.007941526373015446,5.756004810333252
384,0.07223270199008146,0.007606438411101613,5.772437810897827
385,0.3290697566488879,0.011694463040090912,5.788906812667847
386,-0.05068307742857781,0.00794021521634117,5.805427074432373
387,-0.32112627907324764,0.006613777080054367,5.821585178375244
388,0.022234592735106792,0.009588214867507924,5.837885856628418
389,-0.18757692958640712,0.010917215707839706,5.850472927093506
390,-0.13657454379010914,0.013907984529069068,5.866886138916016
391,-0.5216514493920661,0.013701389978919813,5.883426904678345
392,-0.7123516135428732,0.01083953243969111,5.899737119674683
393,-0.3596654225696239,0.013718392806230257,5.9160990715026855
394,-0.0747580971571248,0.01249460321093718,5.928444862365723
395,0.24929600567958185,0.015300311619930663,5.944851875305176
396,-0.06602847577946888,0.013917504583452044,5.961558103561401
397,0.03873849962134867,0.012307004844997978,5.977553844451904
398,-0.1167080853593705,0.018109918357302142,5.993786096572876
399,0.12806485864016293,0.015561885095363754,6.00588583946228
400,0.034863627524604104,0.012490678234923341,6.0223000049591064
401,-0.1793728555357285,0.008905574017600204,6.038694858551025
402,0.13624507752920245,0.012632180870687152,6.055113792419434
403,0.38357054053573875,0.0145292634250262,6.071408987045288
404,0.09380626125614769,0.014734388726806713,6.087740182876587
405,-0.20049370111285725,0.011776714520969005,6.101347923278809
406,-0.7968043810110808,0.011911620918595003,6.116771936416626
407,-0.32492530322937857,0.014996770833808525,6.13317084312439
408,-0.43700736511172933,0.009402881276265896,6.149675130844116
409,0.056117271585618744,0.008610249131087402,6.165961980819702
410,0.28866791697323896,0.014174400741354357,6.178169012069702
411,-0.1091779613765272,0.012958068164518617,6.194611072540283
412,0.24028079122148316,0.012645847281401175,6.212508201599121
413,-0.10414815693578074,0.01236923503017523,6.227460861206055
414,0.041774330488747694,0.0072376864030701945,6.243410110473633
415,0.09322609940832009,0.01196184349189993,6.255764961242676
416,0.3660593021362534,0.014425572613086442,6.2721779346466064
417,0.1375806285221097,0.009998998430102839,6.288615942001343
418,-0.08803444155171186,0.014019825324211407,6.304875135421753
419,-0.21738496534709287,0.018184070672320383,6.321196794509888
420,-0.1516301257368271,0.01464877981063114,6.333909034729004
421,0.034670785887948155,0.010710604988528017,6.350281000137329
422,0.24187515090489656,0.012584318447664307,6.3672099113464355
423,-0.13540015977072603,0.01240304540198311,6.383004903793335
424,-0.23429684891199845,0.008129254599138545,6.399152994155884
425,0.033840344590186054,0.012209060520547573,6.415580749511719
426,-0.29818473312682114,0.010409855736608102,6.428024053573608
427,-0.5209094757891506,0.013580814395697511,6.4445483684539795
428,-0.6610349170619374,0.00822991143608058,6.460977792739868
429,-0.0837519442856674,0.009283494247219441,6.476892948150635
430,-0.42833415739925784,0.012460890307403216,6.493233919143677
431,-0.19832247507839978,0.009326386461592503,6.505604028701782
432,-0.4146411952408362,0.011876790707234299,6.521937131881714
433,-0.5612658346596722,0.008773513215820296,6.538271903991699
434,-0.18581716446582097,0.012292214519517636,6.554678916931152
435,0.11854092472333162,0.00838492105993122,6.571036100387573
436,-0.2739244828994775,0.005161424065252849,6.583763599395752
437,0.348978081364079,0.00733129495189332,6.600113868713379
438,-0.16485135805862902,0.01144096838117372,6.617011070251465
439,-0.417057386853124,0.011670831424362156,6.632909059524536
440,-0.3973690311884167,0.00691825585683627,6.6490068435668945
441,-0.2068715931433467,0.011146969047127848,6.661774158477783
442,-0.33948479431042156,0.014956883627238793,6.677995920181274
443,-0.03815409796843641,0.013666687651163311,6.6943039894104
444,-0.13450429491660643,0.01543213720212106,6.7103259563446045
445,-0.33401845295436167,0.010868433203738854,6.72669792175293
446,-0.4095270368281916,0.011815442802837733,6.7431018352508545
447,-0.06621344024737151,0.014341668637668337,6.755414009094238
448,0.286763711234991,0.011348431676274227,6.771939992904663
449,0.04372859868928342,0.012462914210170468,6.788121938705444
450,0.045432771651489595,0.0075760474837751465,6.804626941680908
451,-0.45287927101349723,0.009657215861279699,6.8208839893341064
452,-0.4034366965273116,0.011763497316867974,6.83371376991272
453,-0.15923769622449363,0.014546250155162508,6.85036301612854
454,0.04661938772824118,0.009810871640991772,6.866588115692139
455,0.03589271592080349,0.014146882161213131,6.88249397277832
456,0.25980112179132697,0.012602562182924309,6.898975133895874
457,0.3986627510844404,0.014881812588478593,6.911542892456055
458,0.21017535187524866,0.010375343488052897,6.927844047546387
459,-0.07419468203719243,0.014439162630707143,6.9437830448150635
460,0.24444168089121276,0.012668411437981959,6.960172891616821
461,0.32854405245269463,0.009580094126846156,6.976552963256836
462,0.024106350201853914,0.013084792316556156,6.992947578430176
463,0.2539100044045,0.010045373405520782,7.005247592926025
464,-0.1607629771167094,0.013991511055391027,7.021899938583374
465,-0.5670842829060246,0.012680045972680848,7.037984132766724
466,-0.6709177727754424,0.011707617474245138,7.054344892501831
467,-0.20881849635500704,0.011010004757037855,7.07073187828064
468,-0.5289720506942239,0.01481934335014163,7.083507537841797
469,-0.38136717196736897,0.010196607040121099,7.099725008010864
470,0.05504266099338979,0.010206588817661259,7.11601185798645
471,-0.1500147832250172,0.013781009275874573,7.1324028968811035
472,-0.33474233090048683,0.014385063290898125,7.1486921310424805
473,-0.05004233121329271,0.010122522520342776,7.161280870437622
474,-0.3180618907403999,0.006906147225720822,7.177686929702759
475,0.3219646736013581,0.007842544004592292,7.193589925765991
476,0.059885873618292416,0.00767158723702305,7.210010051727295
477,-0.2538795232967556,0.011174846741051108,7.22642707824707
478,0.040133319468915865,0.012198515503799436,7.238693952560425
479,0.07413480248584889,0.009276631896709981,7.255164861679077
480,0.03937606926191781,0.01231142813918077,7.271459102630615
481,0.0559234126400007,0.010726274600138332,7.287852048873901
482,0.3186313248267874,0.012946975829924939,7.304204940795898
483,0.030367717370448948,0.015551198204420273,7.320684909820557
484,-0.4179029790651241,0.014765015852615922,7.333552122116089
485,-0.16190167542406358,0.01281126446600668,7.349452972412109
486,0.18109671207998448,0.013626251458007565,7.3658411502838135
487,-0.18122314737613504,0.01400700820248347,7.382192134857178
488,0.030187195494843354,0.010967375536098114,7.398468017578125
489,-0.3743669611065004,0.011124735404926962,7.410744905471802
490,-0.4169510061923841,0.011730494875998736,7.427160024642944
491,-0.16566102384175993,0.012273000691400637,7.443441152572632
492,0.19462463274384043,0.009734070004896232,7.459896802902222
493,0.38370393464377467,0.008330830032142307,7.476174354553223
494,-0.026303423198130036,0.011406799324033268,7.488600015640259
495,0.3967598630877516,0.014859707600837317,7.504928827285767
496,0.31292945082159407,0.011437824130301817,7.521261930465698
497,-0.135952796511187,0.012207590101841055,7.5376129150390625
498,0.29271032021349735,0.011332888388075071,7.554663896560669
499,0.5193472249714449,0.015802376550206054,7.570396900177002
500,0.48646668472875076,0.010975423479578836,7.582986831665039
501,0.0498660381165442,0.009714251829711903,7.599272966384888
502,0.2362911582933637,0.014206551480643776,7.615660905838013
503,-0.0751196482939226,0.012971553683508288,7.63192892074585
504,0.008800748451934962,0.016939621078702484,7.648358345031738
505,-0.27344327139969954,0.014454125428390575,7.660597801208496
506,-0.5343272316798697,0.014025539357476975,7.676909923553467
507,-0.404715107679046,0.00974071804199053,7.693367958068848
508,-0.2678573793539829,0.007913804799611545,7.709705591201782
509,-0.47647830997599694,0.010142617483237536,7.726154804229736
510,-0.1687859307297564,0.012250742402940879,7.738332748413086
511,-0.1956830264741931,0.010893013789245459,7.7547430992126465
512,-0.159412032239807,0.012414202669834033,7.771111011505127
513,-0.1890053292320137,0.010977506968452391,7.787470102310181
514,-0.19517412545480325,0.010939073715861116,7.803860902786255
515,0.16307632596997457,0.007499840441983925,7.816354990005493
516,0.26757243777392214,0.011323995875226563,7.833069086074829
517,0.10770536401807343,0.01569506088202314,7.8491199016571045
518,0.027209733999658585,0.015306072471007747,7.865489959716797
519,0.16830813160017657,0.009436267106983434,7.881690979003906
520,0.40002237565956394,0.013844902419354625,7.898220062255859
521,0.08013958029621483,0.012102138385932312,7.9103779792785645
522,-0.16798382168036044,0.012258267350160074,7.926837921142578
523,0.1746894754568818,0.014637153125809092,7.9431538581848145
524,0.2742238125250393,0.010259546185831154,7.959752798080444
525,-0.12099379000361207,0.006969309008880273,7.97606897354126
526,-0.4042400202899541,0.010400538167628134,7.988225936889648
527,-0.3631672629625171,0.013228806535335398,8.004572868347168
528,0.11458555640484586,0.01287009361803999,8.020927906036377
529,0.24204049033197222,0.01256316264028978,8.037323951721191
530,0.014562865122551326,0.007772123420777751,8.053715944290161
531,-0.2653401420832941,0.007829724931790351,8.06642198562622
532,-0.16604788373189205,0.011869693676155466,8.082568883895874
533,-0.361674354530577,0.012968827808907764,8.098901987075806
534,0.04095492016788208,0.014060622091789375,8.115251779556274
535,0.37253057878114043,0.01184748107959596,8.131683111190796
536,0.3266362040671577,0.009790624638870694,8.14384913444519
537,0.05154681769847478,0.009192447487659685,8.160342931747437
538,0.4347241204740885,0.01225565573193599,8.176604747772217
539,0.1016348462554005,0.010651886941963205,8.19313097000122
540,-0.16868818114639467,0.012517794255947646,8.209444999694824
541,-0.3064024358314472,0.008107435563398746,8.225820779800415
542,-0.418066245515858,0.011532772402518893,8.238032341003418
543,-0.73438494451476,0.012859896654321568,8.254396915435791
544,-0.9095325665024797,0.012489477167690608,8.270762920379639
545,-0.6017246020369422,0.013050704539618579,8.28715991973877
546,-0.9060104899883936,0.012341968649413948,8.303569793701172
547,-0.5422178113232801,0.014103274113110957,8.316075086593628
548,-0.19051446492493096,0.012473786034660728,8.332411050796509
549,-0.7117908944518909,0.006900541468888633,8.348674058914185
550,-0.250865137402444,0.009969888423816603,8.36524486541748
551,0.05212784036429246,0.01365135021589909,8.38163685798645
552,-0.3044715130854666,0.015071160162896646,8.393703937530518
553,-0.01642846989033112,0.013991914920188224,8.410086154937744
554,0.029745991254526614,0.01695854306315489,8.426651000976562
555,-0.03269866978475716,0.012436949209025534,8.442950010299683
556,0.3900386854411861,0.015112557703944816,8.459332942962646
557,0.2106621164553807,0.014208932177279027,8.475728988647461
558,0.045382722460453835,0.012353338735705292,8.48786187171936
559,-0.38198467256756863,0.012997761770577583,8.50425100326538
560,-0.0015133585537374856,0.013207555826367321,8.520625591278076
561,-0.1886764924007923,0.010839609382203188,8.536963939666748
562,-0.19278934642888393,0.015863321161206975,8.553359985351562
563,0.07822560894922993,0.013757967109022147,8.565794944763184
564,-0.20975952335789616,0.01053029114366068,8.582437992095947
565,0.16388805618517688,0.013050981928477838,8.598628997802734
566,-0.15795058614877353,0.009866154697666201,8.615143060684204
567,0.06801672518126965,0.013632688251174372,8.63154911994934
568,-0.23365463952997864,0.010499518518917547,8.643723964691162
569,-0.15901653219117534,0.012438764119843895,8.659994840621948
570,-0.3254770328288732,0.014283785735895902,8.6763916015625
571,-0.48218839981065265,0.015632676747487913,8.692739009857178
572,-0.5950632850906795,0.013056942555845464,8.70914912223816
573,-0.32233282775753647,0.014600955317180116,8.721328973770142
574,-0.4869840821020487,0.01560220625002039,8.737700939178467
575,-0.2434320097067537,0.017448213431084936,8.754081964492798
576,-0.3238008177647653,0.013588213137067706,8.771075010299683
577,-0.5439849028522048,0.014093792713117252,8.786821126937866
578,-0.15301361341754066,0.009795509163512853,8.803224325180054
579,-0.4460440362694759,0.010397929334991608,8.815597772598267
580,-0.02847893893523927,0.010636659819973608,8.832103967666626
581,0.460006399925827,0.009744665790298562,8.848622798919678
582,0.05497376423212199,0.00869396237168402,8.864992141723633
583,-0.2699274517157472,0.011603554249294696,8.881394863128662
584,0.007356745248398127,0.0154879925527947,8.893567085266113
585,0.22049805810164602,0.012523285038127573,8.909866094589233
586,0.24938805152477722,0.012656678027082993,8.92623782157898
587,0.05089037995524483,0.009454086694018747,8.942483901977539
588,-0.42906518725474624,0.009166076307433612,8.958868980407715
589,0.05969768455586749,0.01066606566315515,8.971170902252197
590,-0.3842922959288942,0.010511233021389217,8.987637996673584
591,0.16328180144108037,0.012813643326349433,9.003947973251343
592,0.33846455654180707,0.009496923204561306,9.020326137542725
593,-0.20366498802953806,0.011579735728273761,9.036711931228638
594,0.1656937330504693,0.014016583067657542,9.049286127090454
595,0.30629532657729763,0.009934873834158546,9.065428972244263
596,-0.11574226158671942,0.006297425907255017,9.081995964050293
597,0.14670863452920385,0.010426966257423544,9.098458051681519
598,-0.23472516937839097,0.01310152711554536,9.114906787872314
599,0.056522768376104746,0.009798579638468249,9.131062030792236
600,-0.3770368283331227,0.012118381753781543,9.143297910690308
601,0.0676248707033112,0.013808005759681646,9.159727096557617
602,-0.25878900285459355,0.011056005001195244,9.175940990447998
603,-0.05031795183987453,0.014464715746140175,9.19244909286499
604,-0.40708170761733026,0.012963371759677753,9.208638906478882
605,-0.18935675720428927,0.012564059380631605,9.22107195854187
606,-0.3433220248401582,0.016971818511971628,9.237393140792847
607,-0.566870095677934,0.014340390857324576,9.253799200057983
608,-0.31350099751506444,0.014568464058359456,9.270143985748291
609,-0.06901615628068486,0.017751589451344058,9.286597967147827
610,-0.164514864372022,0.013546604536600861,9.298979043960571
611,-0.2047814287451558,0.009489118741024037,9.315531969070435
612,-0.6835824504898784,0.012706740641627993,9.332349061965942
613,-0.26260527627374175,0.011886304773787524,9.34849214553833
614,0.07433765293316452,0.013862210485966387,9.364468097686768
615,-0.276505626071764,0.013655100222230994,9.381117820739746
616,0.23420702006595023,0.013104776779050989,9.39303994178772
617,0.1931511021836575,0.016841971655223054,9.409497022628784
618,-0.10589588909639888,0.013135550109512872,9.425891160964966
619,0.23017509109123588,0.009835547056245368,9.442158937454224
620,-0.14150036092457835,0.01148591700117848,9.45857286453247
621,0.2980856634456665,0.012987744501733067,9.470843076705933
622,0.20796089341483037,0.015573573937078661,9.487226963043213
623,-0.07786325399250218,0.015419532531152918,9.503629922866821
624,-0.33018185841119946,0.018740598427734113,9.520015954971313
625,-0.1044746112653681,0.020907817965245417,9.536403894424438
626,0.03879308972495024,0.018271184800480643,9.54900598526001
627,-0.18717134571101457,0.020699815958271247,9.565406560897827
628,0.048251759303902034,0.018436087585650927,9.58227276802063
629,0.03497414721233476,0.014680425909504899,9.598031759262085
630,-0.29180508079175776,0.014353875165987705,9.614369869232178
631,-0.2821019199386205,0.009559342113107577,9.626595973968506
632,-0.35795155458249733,0.014497042841844825,9.642855405807495
633,-0.3505828988742455,0.018618834473669202,9.659400939941406
634,-0.5820479412424115,0.01849134235631925,9.675733089447021
635,-0.23462224662705095,0.020492953741845742,9.692150115966797
636,-0.4718195428957663,0.018759713708956273,9.708412885665894
637,-0.25487082788215626,0.02073732168840842,9.720696926116943
638,-0.21104235756693762,0.021925198563341932,9.737094163894653
639,-0.25569924000427463,0.017346176343208553,9.753728866577148
640,-0.002685740365204531,0.018512611155740155,9.769926071166992
641,-0.10519636474597441,0.020023154926491708,9.786334991455078
642,-0.3675917819248487,0.021695042833183634,9.799072027206421
643,-0.14379628556779214,0.019212448201734452,9.81515097618103
644,-0.38600332178519525,0.01830426582296676,9.831495761871338
645,-0.021188510070238364,0.01718384748743514,9.84793996810913
646,0.1870845158986017,0.015235737628166976,9.864264965057373
647,-0.09060668506729981,0.01351231418713584,9.876335144042969
648,-0.2744186468253282,0.01599027015534752,9.892771005630493
649,0.007554159315597418,0.017148512996323882,9.909084796905518
650,-0.187705707617366,0.02074753067548282,9.925644874572754
651,-0.2890127621984019,0.025218632430456914,9.941924333572388
652,-0.166459187712106,0.02786502368944826,9.958203077316284
653,-0.24347229409670326,0.0315902392483115,9.970575094223022
654,-0.2761715408203348,0.03614663077621401,9.986991167068481
655,-0.3557472439340689,0.03593984722077964,10.003462791442871
656,-0.31815180647358143,0.03164225293095931,10.01986813545227
657,-0.17004079690112256,0.0316259407193895,10.036376953125
658,-0.08262332958816199,0.03522845718677934,10.0486741065979
659,-0.2114754274831813,0.039006325439941564,10.065020084381104
660,-0.2841511135451126,0.04254375454844223,10.081423997879028
661,-0.2227445314647221,0.045531641419684625,10.097843885421753
662,-0.2539981109664771,0.04896066360742588,10.114104986190796
663,-0.16506414347603604,0.04895890410592256,10.126317977905273
664,-0.12650217945031206,0.04491238072001166,10.142656803131104
665,-0.045679939662759295,0.04060829258846777,10.158965587615967
666,0.09036315804097109,0.03791480115502271,10.175346851348877
667,0.13801056897373473,0.04006738122473916,10.191665172576904
668,0.03762916582340217,0.04405879025063635,10.20401382446289
669,-0.05864597241643856,0.043849445888743455,10.2204270362854
670,-0.17052334623634047,0.04661518702806124,10.23685097694397
671,-0.26431982850187546,0.043524223644601276,10.253438949584961
672,-0.31868786048721987,0.04760488747030176,10.269683122634888
673,-0.20709900026972977,0.047276547014555755,10.286289930343628
674,-0.11141095328894843,0.04378127947437533,10.298463821411133
675,-0.05191919658530463,0.03944572714461604,10.314743041992188
676,-0.048533505535484606,0.04135373761975772,10.331231594085693
677,-0.12273662893112319,0.0377971495237685,10.347527742385864
678,-0.04370037246499516,0.04175725252028454,10.363946914672852
679,-0.09971892704566558,0.045608796464071455,10.376028776168823
680,-0.09841962101058398,0.04909558124119363,10.392383575439453
681,-0.09690713599157731,0.047656019820341136,10.408772945404053
682,-0.10068473204595328,0.04609119159352579,10.4253568649292
683,-0.011804676116541573,0.04352954814490752,10.441504001617432
684,-0.10113169404073312,0.04548008947456486,10.454016923904419
685,-0.19288996540090503,0.042665427114076684,10.470396757125854
686,-0.17344464232287207,0.03732177760369845,10.486790180206299
687,-0.057331850659437134,0.040874790503757544,10.503379821777344
688,0.07485098758459897,0.04492965229947265,10.5205819606781
689,-0.02840249546934197,0.04636280269451621,10.532051801681519
690,-0.1068164702168486,0.04472254382239025,10.548568964004517
691,-0.19692676965230055,0.044859045683903226,10.565668106079102
692,-0.11148812356410578,0.041762925963549524,10.581053972244263
693,-0.2376730914704824,0.04058616686028672,10.597400903701782
694,-0.17048770449609327,0.043329906489086564,10.613533973693848
695,-0.2777737202730282,0.04419547054932791,10.625903129577637
696,-0.1860238607382467,0.04633693881120759,10.642208099365234
697,-0.12069932970590061,0.04980988587974067,10.658702850341797
698,-0.13606820107334502,0.052447711268986646,10.675075054168701
699,-0.02236772975249624,0.05229456607426067,10.691493034362793
700,-0.1265495821142639,0.050889795147792106,10.703807592391968
701,-0.09303742982312796,0.04774568845951446,10.720162868499756
702,-0.1814057790233519,0.05010495321802452,10.736695051193237
703,-0.13234703586154523,0.055309263844448855,10.753103971481323
704,-0.08494511196890368,0.057864759634402956,10.769367933273315
705,-0.03913598342234595,0.054039740709675925,10.781677007675171
706,-0.08842362628451872,0.05808167232276645,10.798107147216797
707,-0.08078592531722226,0.05832527961293528,10.814404010772705
708,-0.004606395503819922,0.05765524005924018,10.830869913101196
709,-0.07425985333535855,0.056928890499000566,10.847196817398071
710,-0.1659614205709968,0.05584741464577295,10.863639831542969
711,-0.1729694395154886,0.057378312962499935,10.875679969787598
712,-0.11861664912725305,0.06165428077112801,10.89208173751831
713,-0.102415406037407,0.05712490634702614,10.908483028411865
714,-0.1728458972652547,0.05496190292864936,10.924896955490112
715,-0.16319962940025678,0.05869555204054029,10.941291093826294
716,-0.21032503906856445,0.059496107978418464,10.953910112380981
717,-0.14332488853848557,0.06119161613090149,10.97014832496643
718,-0.22964397626820496,0.059535519201010766,10.986502885818481
719,-0.1985968425666742,0.062302084661858756,11.003042936325073
720,-0.16885079115501342,0.059096476227333786,11.01937198638916
721,-0.24841702548116046,0.05682258959109134,11.031846046447754
722,-0.19517285319396502,0.06143278198259988,11.047922849655151
723,-0.19705316566228817,0.05496084175269871,11.064433097839355
724,-0.2814775806491204,0.054606397259585646,11.080759048461914
725,-0.19024428809438834,0.0565116997050901,11.0971519947052
726,-0.20658000151258887,0.06097678310542264,11.10910677909851
727,-0.15739583639845603,0.06652580786318199,11.125568866729736
728,-0.12430607256881455,0.06271498919178785,11.1419198513031
729,-0.21481950742636358,0.059908060478627796,11.158300161361694
730,-0.14105248399889067,0.06035546081546626,11.17472505569458
731,-0.20380959832196277,0.05920091384834867,11.1910719871521
732,-0.10842919008598872,0.059811372079339266,11.203760147094727
733,-0.036767652956878505,0.062452144652965655,11.220169067382812
734,-0.10797499907870675,0.06339437105792638,11.236839771270752
735,-0.14323958997559877,0.05859890296592508,11.252806186676025
736,-0.16807826311809684,0.058938087395189596,11.269129991531372
737,-0.24057031249880104,0.05983818190008618,11.281454801559448
738,-0.24772256357421343,0.06155970011000921,11.297842979431152
739,-0.1617902460178817,0.05795811637567508,11.314220905303955
740,-0.20738250227053467,0.05938629037078416,11.331772804260254
741,-0.12411524503570034,0.06017487176882661,11.34703779220581
742,-0.0453306142268147,0.060346203612865114,11.358995914459229
743,-0.01774338411850366,0.06546529503866043,11.375332355499268
744,-0.03582536179154949,0.06170885768405929,11.391763925552368
745,0.007972504580812768,0.06403098381144467,11.408106803894043
746,-0.08072248745927467,0.0629976092705168,11.424529790878296
747,-0.04227197476702668,0.058127571619778495,11.440875053405762
748,0.027444019362734624,0.05741116607371744,11.453531980514526
749,-0.02647226782618807,0.05319963508922537,11.469835042953491
750,0.010813993553326287,0.050578389726560806,11.486256837844849
751,-0.02651745665568076,0.05610462929887158,11.502801895141602
752,-0.08714647544850805,0.05981285220526805,11.519143104553223
753,-0.11953139278256032,0.06397016618006454,11.53511381149292
754,-0.1967925490571126,0.06714504007131791,11.551846027374268
755,-0.20313499654151884,0.07369873828042707,11.564104795455933
756,-0.2113359054521289,0.07191798756996759,11.580519199371338
757,-0.14566415968007201,0.06863501639095937,11.597246885299683
758,-0.09359098453838026,0.06423548944687575,11.61312985420227
759,-0.012750617028327879,0.06055982157132564,11.629288911819458
760,0.010671749577380197,0.05662452930792969,11.645697832107544
761,-0.062497493965208956,0.05420479634962974,11.658183574676514
762,-0.1199479139953106,0.05783001924404858,11.674356937408447
763,-0.1413907326428826,0.06216170261851651,11.690788984298706
764,-0.15953597999007083,0.0667061130014839,11.707129001617432
765,-0.21101474342804383,0.07073698630477393,11.723506927490234
766,-0.25783380510615866,0.07424729188300795,11.739866971969604
767,-0.24643927315813066,0.07250784026068784,11.756278038024902
768,-0.17810996718758912,0.07305072773419938,11.772711753845215
769,-0.23201495453729257,0.07632167645401408,11.789020776748657
770,-0.2663796870091568,0.08021144656729716,11.805401086807251
771,-0.3146421042290713,0.0838638514730725,11.821974992752075
772,-0.3625594750726582,0.087064324308484,11.838184118270874
773,-0.3869790794033241,0.09245639377068061,11.854567766189575
774,-0.39826287162847934,0.0973880435927925,11.87113094329834
775,-0.4341477470309608,0.10095018132634132,11.887732982635498
776,-0.41006286178015183,0.10685860981643203,11.904024124145508
777,-0.4491527897516224,0.11020697383825066,11.920392990112305
778,-0.47742081616181997,0.11446112272742011,11.936751127243042
779,-0.5140152996062237,0.11759427563398368,11.953068017959595
780,-0.557234056214986,0.11938646709171413,11.973301887512207
781,-0.5351618837798022,0.12377637051845423,11.989696979522705
782,-0.5454938445279977,0.12924382607998644,12.00608515739441
783,-0.554363455739296,0.12758644251667342,12.022481918334961
784,-0.579625563593655,0.12781350852389323,12.038855791091919
785,-0.546219727664873,0.12428373156811373,12.0552818775177
786,-0.5700178530890969,0.1277654219333378,12.071714878082275
787,-0.6029702619309502,0.12434801315235712,12.088005781173706
788,-0.5496475973293979,0.12505655322439438,12.104709148406982
789,-0.5007444727247797,0.12557852190108257,12.121010780334473
790,-0.4598862608674274,0.12988433902290455,12.137760877609253
791,-0.5055445077260862,0.13011561284401174,12.154151916503906
792,-0.5546957465962108,0.12870230763066123,12.170244932174683
793,-0.553412749280398,0.13278805536290977,12.186650037765503
794,-0.520892949828641,0.1288681238329444,12.2030770778656
795,-0.5810582362289982,0.127617907724244,12.223128080368042
796,-0.5705754607750022,0.12891734919662473,12.239567041397095
797,-0.527259706337498,0.1261041544777183,12.255996942520142
798,-0.5301424505436406,0.12747031958476845,12.272366046905518
799,-0.5249012211533892,0.12259856385309789,12.288726091384888
800,-0.5430464665667223,0.11967893287382259,12.305114984512329
801,-0.5749860673486838,0.12181801963157843,12.321476936340332
802,-0.5718003510043383,0.12856665284906293,12.337929964065552
803,-0.6039304546891858,0.13273780704662608,12.354551076889038
804,-0.5963438066630156,0.1394377366267176,12.370762825012207
805,-0.5911657149512316,0.134440532967513,12.387281894683838
806,-0.5757642553233668,0.13013745673521057,12.403695821762085
807,-0.5321475030373697,0.12766440467312862,12.420485019683838
808,-0.5239474287685054,0.12883431277893906,12.436651945114136
809,-0.5345923705668418,0.13382834232981508,12.452922821044922
810,-0.5659701218234561,0.13621327116997906,12.472981929779053
811,-0.5510424172886623,0.14214189947876352,12.489567995071411
812,-0.559200394298344,0.14593080059725674,12.505746841430664
813,-0.5289725546992768,0.14380512101872855,12.522184133529663
814,-0.507911517178437,0.14313612012449042,12.538552045822144
815,-0.5172718039207722,0.1485316561071346,12.554978847503662
816,-0.558693514011696,0.14551247666409808,12.57138180732727
817,-0.5426205563922579,0.1409994119224742,12.588122844696045
818,-0.5081752274679506,0.13893692507092661,12.604581832885742
819,-0.4573063931427071,0.13745595462901103,12.620697975158691
820,-0.48125490595046894,0.14109632629512217,12.637176990509033
821,-0.4923660856580277,0.1455150488587806,12.654431581497192
822,-0.525498960980673,0.14755443875441743,12.670058965682983
823,-0.5319655665491888,0.15201142560291037,12.686397790908813
824,-0.561126758130913,0.15606859839480913,12.703179836273193
825,-0.5321366794156605,0.15322253570017613,12.718971967697144
826,-0.5160607940022808,0.1487841466780902,12.739274024963379
827,-0.4916061828161578,0.14704387772885716,12.755624532699585
828,-0.4788171467595817,0.14370237616652104,12.77198314666748
829,-0.5074889120013554,0.1430428615733196,12.788391590118408
830,-0.46830283710374215,0.14282606232729458,12.804752111434937
831,-0.47755151411036173,0.14624997193965056,12.82120394706726
832,-0.46958763690918737,0.15062437753388316,12.837739944458008
833,-0.49483588359523184,0.15467950728900062,12.854164838790894
834,-0.5298623305385608,0.15437003548880823,12.87043309211731
835,-0.5502916954844842,0.15856748110107113,12.886974573135376
836,-0.5180243746438778,0.1593297607037318,12.90316891670227
837,-0.5113501602566712,0.15506761503333638,12.919976949691772
838,-0.4671362728935084,0.1538942851817943,12.93615198135376
839,-0.43327217090301035,0.15227743982040365,12.952905893325806
840,-0.44412367971973665,0.14872858920658147,12.968811988830566
841,-0.42270817232392816,0.15167526729855685,12.989028930664062
842,-0.4586090733855833,0.14961686688126236,13.00543999671936
843,-0.49828404603644294,0.15154703967169242,13.021856784820557
844,-0.47879662967480396,0.15641491569947774,13.03824496269226
845,-0.5153269839481034,0.15443897938051215,13.054840326309204
846,-0.48145230432705594,0.15423061857118123,13.071110010147095
847,-0.5108658496183834,0.15645348071037615,13.087755918502808
848,-0.4860092100772155,0.1524073505000565,13.104228973388672
849,-0.5223835931020798,0.1515821873231948,13.120606899261475
850,-0.48455273082557876,0.15185331994355566,13.136965990066528
851,-0.46790530358660165,0.14802658447132694,13.153337955474854
852,-0.4889598933082931,0.1484709340963542,13.169643878936768
853,-0.4831068650432676,0.14403870728012874,13.18607497215271
854,-0.5089282554861886,0.1477072403711806,13.20248794555664
855,-0.496546673673426,0.1514778593130645,13.218924045562744
856,-0.5212529778443441,0.1561247283171835,13.23479700088501
857,-0.53521800261217,0.16103552577069366,13.255262851715088
858,-0.5276457358896066,0.16437638318642306,13.272567987442017
859,-0.5368212684249294,0.1666921401019699,13.288103818893433
860,-0.5162798323715891,0.1626972569255937,13.30464506149292
861,-0.5032195519628228,0.15779617705289878,13.320954084396362
862,-0.4888077064520462,0.15325393684494887,13.337482929229736
863,-0.46250821640248235,0.1557381075661443,13.353939771652222
864,-0.48646292675157965,0.15751464399097656,13.370300531387329
865,-0.460852467668222,0.1608360123983225,13.386783123016357
866,-0.47502324592082595,0.16583934641100193,13.403111934661865
867,-0.49879877852923865,0.16882053323801446,13.419495820999146
868,-0.4751161544022705,0.16487072477293535,13.435608148574829
869,-0.5077876051264836,0.16668395893618526,13.452010869979858
870,-0.4751216010208733,0.1690578858714662,13.468401193618774
871,-0.4870113163390701,0.16578027833790607,13.484853982925415
872,-0.47677089097553443,0.16325142002370302,13.505200147628784
873,-0.472558487912052,0.16448658562859805,13.521532535552979
874,-0.4508054568706755,0.1661215769402546,13.538145065307617
875,-0.45636920578010903,0.16991272635422103,13.554394006729126
876,-0.4793187172296463,0.1739362283071659,13.570778846740723
877,-0.4883738579429311,0.17828707925100795,13.587315559387207
878,-0.5154700131663257,0.18169877033329945,13.60374116897583
879,-0.5250106571798793,0.18705672117555389,13.620450973510742
880,-0.4950279060497243,0.1890181276119853,13.636516332626343
881,-0.47649186252257214,0.18580856887230623,13.653079986572266
882,-0.46068135995253484,0.17991066616045598,13.669078826904297
883,-0.434513956374181,0.1800342950184284,13.685414791107178
884,-0.41467886540011517,0.17632219461113258,13.701814889907837
885,-0.38062064344180957,0.17890521183719554,13.718160152435303
886,-0.4193954188135564,0.1781490897990965,13.734570026397705
887,-0.4355739684814272,0.18144787530393805,13.751030921936035
888,-0.4357381628722031,0.1833749143687341,13.771334886550903
889,-0.4271290456973408,0.1809260295963947,13.788060188293457
890,-0.45658806739018853,0.18170597079045714,13.804049015045166
891,-0.4211147740913188,0.18275713134574315,13.820765972137451
892,-0.39644788710053586,0.1847297579494653,13.83778977394104
893,-0.42037074692564935,0.18176072230423393,13.853595972061157
894,-0.41116815508228854,0.187880228437773,13.869678020477295
895,-0.42535476778645454,0.19197811065907205,13.886170864105225
896,-0.420262737297773,0.1969293310160347,13.902709007263184
897,-0.4399556474485562,0.2009955190887293,13.919200897216797
898,-0.44365135325855104,0.2076352602791532,13.935212850570679
899,-0.46152972805271386,0.21217970958703816,13.951632976531982
900,-0.46557764831394644,0.21670771281178589,13.968017816543579
901,-0.4881548691190638,0.22110062137691866,13.984478950500488
902,-0.4953405238275114,0.2258006813661571,14.00101900100708
903,-0.5059507518662962,0.22965853697350055,14.017199039459229
904,-0.5047256692212935,0.23551192880815233,14.037938833236694
905,-0.5331641565815816,0.2362384877044626,14.054407596588135
906,-0.5491519930548201,0.24008522660960727,14.070470094680786
907,-0.5667907551612476,0.243607366745574,14.087681770324707
908,-0.5578046594395635,0.2488805201121228,14.103409767150879
909,-0.5805866211655487,0.24924237667997928,14.119878053665161
910,-0.5888035869574257,0.2538871438508834,14.136088848114014
911,-0.6139870317321651,0.2523263510002423,14.152464866638184
912,-0.6079314540248812,0.24689560021207999,14.168869972229004
913,-0.6038841648168137,0.2534124221682221,14.185139894485474
914,-0.6143545456215564,0.255636410134105,14.201517105102539
915,-0.6062794014228041,0.2540024065069715,14.21801209449768
916,-0.6000649272151555,0.2495779326741374,14.234800338745117
917,-0.579078297354272,0.2509475745175651,14.250800132751465
918,-0.5918055573936761,0.24711704046294364,14.267184972763062
919,-0.6085034692682179,0.2484332383909585,14.287722826004028
920,-0.5856803356026414,0.2484366811199092,14.303835153579712
921,-0.5977665789143248,0.2529309401380265,14.320481777191162
922,-0.6178227846176672,0.2539501137161548,14.336841583251953
923,-0.6178143787263254,0.2594668851897441,14.353317975997925
924,-0.6287681962775576,0.26345212295717024,14.3695969581604
925,-0.6213018287414358,0.2623087531639739,14.385950565338135
926,-0.6107787980196488,0.25725772969177213,14.402193784713745
927,-0.5933196956395412,0.25289385279688775,14.418529033660889
928,-0.5760052915055175,0.25069553922161536,14.434935092926025
929,-0.5811844342395522,0.2496981922352941,14.451469898223877
930,-0.6028827445613641,0.24800699684633953,14.467920064926147
931,-0.6016588978048274,0.25274402006692087,14.484378099441528
932,-0.6065481699176031,0.25394142019938754,14.500671863555908
933,-0.60312573560713,0.25803592352304033,14.516946792602539
934,-0.5828254540195827,0.2614043753543644,14.537827968597412
935,-0.5818977703798182,0.25874610124478903,14.553625106811523
936,-0.5823026016403965,0.2638132418548436,14.570313930511475
937,-0.5678585841948777,0.2576270785414891,14.5866539478302
938,-0.5991540951109199,0.25671813635402857,14.602874994277954
939,-0.5897666458398486,0.2608566255564419,14.619418144226074
940,-0.5698312892399234,0.2585237005079327,14.63575291633606
941,-0.5651956448538548,0.25610031064003347,14.651957988739014
942,-0.5719424355364764,0.26050969466488877,14.66833782196045
943,-0.5932737894256579,0.2645674510353716,14.684700012207031
944,-0.5890659139343618,0.26869909431208056,14.701355934143066
945,-0.5867944599318751,0.27361600616899223,14.71769380569458
946,-0.5905229615171146,0.2786064625122633,14.7341148853302
947,-0.5698519887172412,0.2816518623374514,14.750436067581177
948,-0.5740294099861947,0.27697179928396226,14.767248392105103
949,-0.5742163633571178,0.2712342345697619,14.783325910568237
950,-0.5518129266578801,0.2716045515552159,14.803766012191772
951,-0.537141607756369,0.2679905330755085,14.819880962371826
952,-0.5611322022876241,0.2675030506417415,14.836427927017212
953,-0.5512748674993887,0.2711947494028482,14.852678775787354
954,-0.5574695069949108,0.2659775317869615,14.869100093841553
955,-0.5682393588926815,0.26913530027578597,14.885394811630249
956,-0.5894440009072043,0.269117139967212,14.901829957962036
957,-0.5797207489473148,0.2766397410192521,14.9183349609375
958,-0.5959143471858046,0.2804207210467563,14.934776067733765
959,-0.5900134308069592,0.2763807408452434,14.951192140579224
960,-0.6110149193297232,0.27830783951484867,14.967584133148193
961,-0.5997963471711116,0.274993979176722,14.983863830566406
962,-0.6099772151587132,0.27101150764384363,15.000368118286133
963,-0.5883184104986133,0.271015057276638,15.016731977462769
964,-0.5749871711058494,0.2663726415496414,15.03292989730835
965,-0.5776237733719061,0.2715841194600612,15.053670167922974
966,-0.555420354208046,0.27398818817567244,15.069837808609009
967,-0.5676285315127458,0.27412678068624596,15.086212873458862
968,-0.5854887885374717,0.2755751230599998,15.10251498222351
969,-0.575688912472007,0.27241445906909456,15.118939399719238
970,-0.5628610772053673,0.2761866601076694,15.135262966156006
971,-0.5855631616821863,0.2738850410256558,15.151678800582886
972,-0.5842927187366024,0.27192934327748725,15.168219089508057
973,-0.5693015681925917,0.2735186025293788,15.184646844863892
974,-0.590750549404449,0.2766863547818956,15.201059103012085
975,-0.5678395412993132,0.278098917505861,15.217350721359253
976,-0.5470063840358831,0.27489635406090146,15.233784914016724
977,-0.5363388104386447,0.2702079555796942,15.249985933303833
978,-0.5616606240136056,0.27159095314290704,15.266788959503174
979,-0.547528061819596,0.2739993967510851,15.282817125320435
980,-0.5695433692860965,0.2738566546357932,15.299763917922974
981,-0.5882076800357056,0.2691620228499665,15.31962275505066
982,-0.5658202828861182,0.2700987015420589,15.336179971694946
983,-0.5880087365570053,0.2678811601421484,15.352317810058594
984,-0.5808188949927561,0.2721942264296185,15.368671894073486
